"","Glyma2.0","Glyma1.1","chromosome_number","start_mb","stop_mb","Protein_Length_.AA.","Top_Uniref100_BLASTP_Hit_.2.","E.value_.E.10.6.","X._Coverage","Top_Descriptive_Uniref100_BLASTP_Hit_.3.","E.value_.E.10.6..1","X._Coverage.1","Top_Arabidopsis_.TAIR10._BLASTP_Hit_.4.","E.value_.E.10.6..2","Coverage","Gene_Ontology_Biological_Process_IDs_.5..Gene_Ontology_Biological_Process_Descriptions.Gene_Ontology_Molecular_Function_IDs_.6..Gene_Ontology_Molecular_Function_Descriptions.Gene_Ontology_Cellular_Component_IDs_.7..Gene_Ontology_Cellular_Component_Descriptions.PFAM_IDs_.8..PFAM_Descriptions.Panther_IDs_.9..Panther_Descriptions.KOG_IDs_.10..KOG_Desctiptions"
"1","Glyma.01g009500","Glyma01g01291",1,934715,936944,232,"UniRef100_K7K156_Uncharacterized_protein_n=1_Tax=Glycine_max_RepID=K7K156_SOYBN",2e-170,100,"UniRef100_L0P1B3_Similar_to_isoflavone_reductase_homolog_n=1_Tax=Lupinus_angustifolius_RepID=L0P1B3_LUPAN",2e-43,27.56,"AT1G32100.1|Symbols:ATPRR1,_PRR1|pinoresinol_reductase_1|chr1:11546472-11547953_REVERSE_LENGTH=317",7e-36,28.39,"GO:0009807_GO:0010413_GO:0045492|glucuronoxylan_metabolic_process;_lignan_biosynthetic_process;_xylan_biosynthetic_process|GO:0000166_GO:0010283|nucleotide_binding;_pinoresinol_reductase_activity|GO:0005737|cytoplasm|PF05368|NmrA-like_family|PTHR14194|NITROGEN_METABOLIC_REGULATION_PROTEIN_NMR-RELATED|NA|NA"
"2","Glyma.01g101300","Glyma01g24750",1,33700224,33701269,189,"UniRef100_K7K2Z4_Uncharacterized_protein_(Fragment)_n=1_Tax=Glycine_max_RepID=K7K2Z4_SOYBN",3e-135,100,"UniRef100_G7JHC4_Isoflavone_reductase-like_protein_n=2_Tax=Medicago_truncatula_RepID=G7JHC4_MEDTR",4e-101,60.84,"AT4G34540.1|Symbols:|NmrA-like_negative_transcriptional_regulator_family_protein|chr4:16500506-16501932_FORWARD_LENGTH=306",2e-78,61.44,"NA|NA|GO:0000166_GO:0010283|nucleotide_binding;_pinoresinol_reductase_activity|GO:0005737|cytoplasm|PF05368|NmrA-like_family|PTHR10366|NAD_DEPENDENT_EPIMERASE/DEHYDRATASE|NA|NA"
"3","Glyma.01g172600","Glyma01g37810",1,50980073,50982344,319,"UniRef100_I1J8T0_Uncharacterized_protein_n=1_Tax=Glycine_max_RepID=I1J8T0_SOYBN",0,100,"UniRef100_O48601_NADPH:isoflavone_reductase_n=1_Tax=Glycine_max_RepID=O48601_SOYBN",0,100,"AT4G39230.1|Symbols:|NmrA-like_negative_transcriptional_regulator_family_protein|chr4:18266024-18267604_REVERSE_LENGTH=308",8e-115,103.25,"GO:0046686|response_to_cadmium_ion|GO:0000166_GO:0032442|nucleotide_binding;_phenylcoumaran_benzylic_ether_reductase_activity|GO:0005737|cytoplasm|PF05368|NmrA-like_family|PTHR10366|NAD_DEPENDENT_EPIMERASE/DEHYDRATASE|NA|NA"
"4","Glyma.01g172700","Glyma01g37820",1,51006487,51012441,308,"UniRef100_I1J8T1_Uncharacterized_protein_n=1_Tax=Glycine_max_RepID=I1J8T1_SOYBN",0,100,"UniRef100_Q9SDZ1_Isoflavone_reductase_homolog_1_n=1_Tax=Glycine_max_RepID=Q9SDZ1_SOYBN",0,100,"AT1G75280.1|Symbols:|NmrA-like_negative_transcriptional_regulator_family_protein|chr1:28252030-28253355_FORWARD_LENGTH=310",6e-141,97.74,"GO:0006979_GO:0046686|response_to_cadmium_ion;_response_to_oxidative_stress|GO:0000166|nucleotide_binding|GO:0005737_GO:0005886|cytoplasm;_plasma_membrane|PF05368|NmrA-like_family|PTHR10366|NAD_DEPENDENT_EPIMERASE/DEHYDRATASE|NA|NA"
"5","Glyma.01g172800","Glyma01g37840",1,51015925,51018163,308,"UniRef100_I1J8T2_Uncharacterized_protein_n=1_Tax=Glycine_max_RepID=I1J8T2_SOYBN",0,100,"UniRef100_Q9SDZ1_Isoflavone_reductase_homolog_1_n=1_Tax=Glycine_max_RepID=Q9SDZ1_SOYBN",0,100,"AT1G75280.1|Symbols:|NmrA-like_negative_transcriptional_regulator_family_protein|chr1:28252030-28253355_FORWARD_LENGTH=310",4e-142,97.74,"GO:0006979_GO:0046686|response_to_cadmium_ion;_response_to_oxidative_stress|GO:0000166|nucleotide_binding|GO:0005737_GO:0005886|cytoplasm;_plasma_membrane|PF05368|NmrA-like_family|PTHR10366|NAD_DEPENDENT_EPIMERASE/DEHYDRATASE|NA|NA"
"6","Glyma.01g172900","Glyma01g37850",1,51020047,51025420,385,"UniRef100_UPI0003DEBFEE_PREDICTED:_isoflavone_reductase-like_protein-like_n=1_Tax=Glycine_max_RepID=UPI0003DEBFEE",0,100,"UniRef100_B7FHV0_Isoflavone_reductase-like_protein_n=1_Tax=Medicago_truncatula_RepID=B7FHV0_MEDTR",0,98.71,"AT1G75280.1|Symbols:|NmrA-like_negative_transcriptional_regulator_family_protein|chr1:28252030-28253355_FORWARD_LENGTH=310",1e-145,98.06,"GO:0006979_GO:0046686|response_to_cadmium_ion;_response_to_oxidative_stress|GO:0000166|nucleotide_binding|GO:0005737_GO:0005886|cytoplasm;_plasma_membrane|PF05368|NmrA-like_family|PTHR10366|NAD_DEPENDENT_EPIMERASE/DEHYDRATASE|NA|NA"
"7","Glyma.01g211800","Glyma1454s00200",1,54334732,54336870,319,"UniRef100_I1M622_Uncharacterized_protein_n=1_Tax=Glycine_max_RepID=I1M622_SOYBN",0,100,"UniRef100_O48601_NADPH:isoflavone_reductase_n=1_Tax=Glycine_max_RepID=O48601_SOYBN",0,100,"AT4G39230.1|Symbols:|NmrA-like_negative_transcriptional_regulator_family_protein|chr4:18266024-18267604_REVERSE_LENGTH=308",6e-115,103.25,"GO:0046686|response_to_cadmium_ion|GO:0000166_GO:0032442|nucleotide_binding;_phenylcoumaran_benzylic_ether_reductase_activity|GO:0005737|cytoplasm|PF05368|NmrA-like_family|PTHR10366|NAD_DEPENDENT_EPIMERASE/DEHYDRATASE|NA|NA"
"8","Glyma.02g067900",NA,2,5986285,5987684,231,"UniRef100_K7K6U2_Uncharacterized_protein_n=1_Tax=Glycine_max_RepID=K7K6U2_SOYBN",2e-107,87.23,"UniRef100_G7K579_Isoflavone_2'-hydroxylase_n=1_Tax=Medicago_truncatula_RepID=G7K579_MEDTR",4e-36,24.45,"AT4G37360.1|Symbols:CYP81D2|cytochrome_P450,_family_81,_subfamily_D,_polypeptide_2|chr4:17567124-17568858_REVERSE_LENGTH=499",2e-31,22.24,"GO:0055114|oxidation-reduction_process|GO:0005506_GO:0009055_GO:0016705_GO:0019825_GO:0020037|electron_carrier_activity;_heme_binding;_iron_ion_binding;_oxidoreductase_activity,_acting_on_paired_donors,_with_incorporation_or_reduction_of_molecular_oxygen;_oxygen_binding|GO:0005576|extracellular_region|PF00067|Cytochrome_P450|NA|NA|NA|NA"
"9","Glyma.03g259500","Glyma03g42060",3,45369579,45371176,296,"UniRef100_K7KH46_Uncharacterized_protein_n=2_Tax=Glycine_max_RepID=K7KH46_SOYBN",0,81.27,"UniRef100_B9GRM6_Isoflavone_reductase_family_protein_n=1_Tax=Populus_trichocarpa_RepID=B9GRM6_POPTR",3e-09,19.38,"AT2G46630.1|Symbols:|unknown_protein;_LOCATED_IN:_chloroplast;_EXPRESSED_IN:_22_plant_structures;_EXPRESSED_DURING:_13_growth_stages;_Has_110095_Blast_hits_to_59224_proteins_in_2216_species:_Archae_-_177;_Bacteria_-_15429;_Metazoa_-_38345;_Fungi_-_18843;_Plants_-_13341;_Viruses_-_3084;_Other_Eukaryotes_-_20876_(source:_NCBI_BLink).|chr2:19145529-19146713_FORWARD_LENGTH=394",3e-24,33.76,"NA|NA|NA|NA|GO:0005634|nucleus|NA|NA|NA|NA|NA|NA"
"10","Glyma.04g012300","Glyma04g01380",4,910831,913254,311,"UniRef100_Q9SDZ0_Isoflavone_reductase_homolog_2_n=1_Tax=Glycine_max_RepID=Q9SDZ0_SOYBN",0,100,"UniRef100_Q9SDZ0_Isoflavone_reductase_homolog_2_n=1_Tax=Glycine_max_RepID=Q9SDZ0_SOYBN",0,100,"AT4G39230.1|Symbols:|NmrA-like_negative_transcriptional_regulator_family_protein|chr4:18266024-18267604_REVERSE_LENGTH=308",2e-180,99.35,"GO:0046686|response_to_cadmium_ion|GO:0000166_GO:0032442|nucleotide_binding;_phenylcoumaran_benzylic_ether_reductase_activity|GO:0005737|cytoplasm|PF05368|NmrA-like_family|PTHR10366|NAD_DEPENDENT_EPIMERASE/DEHYDRATASE|NA|NA"
"11","Glyma.04g031100","Glyma04g03340",4,2508599,2510095,347,"UniRef100_I1JTA1_Uncharacterized_protein_n=2_Tax=Glycine_max_RepID=I1JTA1_SOYBN",0,100,"UniRef100_B9GRM6_Isoflavone_reductase_family_protein_n=1_Tax=Populus_trichocarpa_RepID=B9GRM6_POPTR",3e-35,51.45,"AT1G75260.1|Symbols:|oxidoreductases,_acting_on_NADH_or_NADPH|chr1:28247854-28249395_FORWARD_LENGTH=513",1e-27,32.55,"NA|NA|GO:0016651|oxidoreductase_activity,_acting_on_NAD(P)H|GO:0009507|chloroplast|NA|NA|NA|NA|NA|NA"
"12","Glyma.07g202300","Glyma07g32330",7,37166217,37168584,522,"UniRef100_Q9M6D6_Isoflavone_synthase_n=3_Tax=Glycine_RepID=Q9M6D6_SOYBN",0,100,"UniRef100_Q9M6D6_Isoflavone_synthase_n=3_Tax=Glycine_RepID=Q9M6D6_SOYBN",0,100,"AT5G06900.1|Symbols:CYP93D1|cytochrome_P450,_family_93,_subfamily_D,_polypeptide_1|chr5:2136160-2137925_REVERSE_LENGTH=507",1e-102,95.86,"GO:0055114|oxidation-reduction_process|GO:0005506_GO:0009055_GO:0016705_GO:0019825_GO:0020037|electron_carrier_activity;_heme_binding;_iron_ion_binding;_oxidoreductase_activity,_acting_on_paired_donors,_with_incorporation_or_reduction_of_molecular_oxygen;_oxygen_binding|NA|NA|PF00067|Cytochrome_P450|PTHR24298|FAMILY_NOT_NAMED|KOG0156|Cytochrome_P450_CYP2_subfamily__"
"13","Glyma.07g202400",NA,7,37172759,37173916,127,"UniRef100_B5L5E6_Isoflavone_synthase_1_n=1_Tax=Glycine_soja_RepID=B5L5E6_GLYSO",1e-37,14.2,"UniRef100_B5L5E6_Isoflavone_synthase_1_n=1_Tax=Glycine_soja_RepID=B5L5E6_GLYSO",1e-37,14.2,"AT5G47990.1|Symbols:CYP705A5,_THAD,_THAD1|cytochrome_P450,_family_705,_subfamily_A,_polypeptide_5|chr5:19434827-19436444_FORWARD_LENGTH=511",1e-22,20.55,"GO:0009653_GO:0009958_GO:0048364_GO:0048527_GO:0048589_GO:0048765_GO:0048869_GO:0051554_GO:0080003|anatomical_structure_morphogenesis;_cellular_developmental_process;_developmental_growth;_flavonol_metabolic_process;_lateral_root_development;_positive_gravitropism;_root_development;_root_hair_cell_differentiation;_thalianol_metabolic_process|GO:0005506_GO:0009055_GO:0016705_GO:0019825_GO:0020037_GO:0080004|electron_carrier_activity;_heme_binding;_iron_ion_binding;_oxidoreductase_activity,_acting_on_paired_donors,_with_incorporation_or_reduction_of_molecular_oxygen;_oxygen_binding;_thalian-diol_desaturase_activity|GO:0005783|endoplasmic_reticulum|PF00067|Cytochrome_P450|PTHR24298|FAMILY_NOT_NAMED|NA|NA"
"14","Glyma.08g246900",NA,8,21372312,21372989,220,"UniRef100_C6TDI4_Uncharacterized_protein_n=1_Tax=Glycine_max_RepID=C6TDI4_SOYBN",2e-109,58.36,"UniRef100_Q84KK5_Isoflavone_7-O-methyltransferase_n=1_Tax=Glycyrrhiza_echinata_RepID=D7OMT_GLYEC",5e-90,57.7,"AT4G35150.1|Symbols:|O-methyltransferase_family_protein|chr4:16726948-16728531_REVERSE_LENGTH=325",8e-24,58.77,"NA|NA|GO:0008168_GO:0008171_GO:0046983|O-methyltransferase_activity;_methyltransferase_activity;_protein_dimerization_activity|GO:0005829|cytosol|PF00891_PF08100|O-methyltransferase;_Dimerisation_domain|PTHR11746|O-METHYLTRANSFERASE|KOG3178|Hydroxyindole-O-methyltransferase_and_related_SAM-dependent_methyltransferases__"
"15","Glyma.08g247000","Glyma08g27110",8,21392967,21394066,285,"UniRef100_K7L8P4_Uncharacterized_protein_n=1_Tax=Glycine_max_RepID=K7L8P4_SOYBN",0,98.83,"UniRef100_Q84KK5_Isoflavone_7-O-methyltransferase_n=1_Tax=Glycyrrhiza_echinata_RepID=D7OMT_GLYEC",6e-142,79.55,"AT4G35150.1|Symbols:|O-methyltransferase_family_protein|chr4:16726948-16728531_REVERSE_LENGTH=325",3e-37,85.85,"NA|NA|GO:0008168_GO:0008171_GO:0046983|O-methyltransferase_activity;_methyltransferase_activity;_protein_dimerization_activity|GO:0005829|cytosol|PF00891_PF08100|O-methyltransferase;_Dimerisation_domain|PTHR11746|O-METHYLTRANSFERASE|KOG3178|Hydroxyindole-O-methyltransferase_and_related_SAM-dependent_methyltransferases__"
"16","Glyma.08g247200","Glyma08g27130",8,21402305,21407187,403,"UniRef100_I1KWG2_Uncharacterized_protein_n=1_Tax=Glycine_max_RepID=I1KWG2_SOYBN",0,88.94,"UniRef100_G7L664_Malonyl-CoA_isoflavone_7-O-glucoside-6'-O-malonyltransferase_n=1_Tax=Medicago_truncatula_RepID=G7L664_MEDTR",2e-161,82.97,"AT5G39090.1|Symbols:|HXXXD-type_acyl-transferase_family_protein|chr5:15643612-15644958_FORWARD_LENGTH=448",1e-70,79.91,"GO:0015824|proline_transport|GO:0016740_GO:0016747|transferase_activity;_transferase_activity,_transferring_acyl_groups_other_than_amino-acyl_groups|GO:0009507|chloroplast|PF02458|Transferase_family|NA|NA|NA|NA"
"17","Glyma.08g248000","Glyma08g27260",8,21553021,21554458,355,"UniRef100_I1KWG9_Uncharacterized_protein_n=1_Tax=Glycine_max_RepID=I1KWG9_SOYBN",0,100,"UniRef100_Q84KK5_Isoflavone_7-O-methyltransferase_n=1_Tax=Glycyrrhiza_echinata_RepID=D7OMT_GLYEC",0,99.16,"AT4G35150.1|Symbols:|O-methyltransferase_family_protein|chr4:16726948-16728531_REVERSE_LENGTH=325",2e-55,103.08,"NA|NA|GO:0008168_GO:0008171_GO:0046983|O-methyltransferase_activity;_methyltransferase_activity;_protein_dimerization_activity|GO:0005829|cytosol|PF00891_PF08100|O-methyltransferase;_Dimerisation_domain|PTHR11746|O-METHYLTRANSFERASE|KOG3178|Hydroxyindole-O-methyltransferase_and_related_SAM-dependent_methyltransferases__"
"18","Glyma.08g306400","Glyma08g41915",8,42445610,42446769,127,"UniRef100_K7L9Y4_Uncharacterized_protein_n=1_Tax=Glycine_max_RepID=K7L9Y4_SOYBN",6e-76,90.15,"UniRef100_Q9SDZ1_Isoflavone_reductase_homolog_1_n=1_Tax=Glycine_max_RepID=Q9SDZ1_SOYBN",5e-52,38.76,"AT1G75280.1|Symbols:|NmrA-like_negative_transcriptional_regulator_family_protein|chr1:28252030-28253355_FORWARD_LENGTH=310",8e-46,37.74,"GO:0006979_GO:0046686|response_to_cadmium_ion;_response_to_oxidative_stress|GO:0000166|nucleotide_binding|GO:0005737_GO:0005886|cytoplasm;_plasma_membrane|PF05368|NmrA-like_family|PTHR10366|NAD_DEPENDENT_EPIMERASE/DEHYDRATASE|NA|NA"
"19","Glyma.09g094400","Glyma09g12440",9,13197181,13199623,354,"UniRef100_I1L2A6_Uncharacterized_protein_n=1_Tax=Glycine_max_RepID=I1L2A6_SOYBN",0,100,"UniRef100_G7L6D6_Isoflavone-7-O-methyltransferase_n=1_Tax=Medicago_truncatula_RepID=G7L6D6_MEDTR",1e-160,97.51,"AT4G35150.1|Symbols:|O-methyltransferase_family_protein|chr4:16726948-16728531_REVERSE_LENGTH=325",4e-52,103.69,"NA|NA|GO:0008168_GO:0008171_GO:0046983|O-methyltransferase_activity;_methyltransferase_activity;_protein_dimerization_activity|GO:0005829|cytosol|PF00891_PF08100|O-methyltransferase;_Dimerisation_domain|PTHR11746|O-METHYLTRANSFERASE|KOG3178|Hydroxyindole-O-methyltransferase_and_related_SAM-dependent_methyltransferases__"
"20","Glyma.09g094600","Glyma09g12480",9,13248159,13249716,314,"UniRef100_I1L2A8_Uncharacterized_protein_n=2_Tax=Glycine_max_RepID=I1L2A8_SOYBN",0,100,"UniRef100_G7L6D6_Isoflavone-7-O-methyltransferase_n=1_Tax=Medicago_truncatula_RepID=G7L6D6_MEDTR",2e-131,86.43,"AT4G35150.1|Symbols:|O-methyltransferase_family_protein|chr4:16726948-16728531_REVERSE_LENGTH=325",1e-50,91.38,"NA|NA|GO:0008168_GO:0008171_GO:0046983|O-methyltransferase_activity;_methyltransferase_activity;_protein_dimerization_activity|GO:0005829|cytosol|PF00891_PF08100|O-methyltransferase;_Dimerisation_domain|PTHR11746|O-METHYLTRANSFERASE|KOG3178|Hydroxyindole-O-methyltransferase_and_related_SAM-dependent_methyltransferases__"
"21","Glyma.09g128200",NA,9,31950930,31951400,157,"UniRef100_K7LDJ5_Uncharacterized_protein_n=1_Tax=Glycine_max_RepID=K7LDJ5_SOYBN",1e-104,47.13,"UniRef100_A6BM07_Isoflavone_7-O-glucosyltransferase_1_n=1_Tax=Glycine_max_RepID=I7GT1_SOYBN",7e-73,32.07,"AT3G16520.1|Symbols:UGT88A1|UDP-glucosyl_transferase_88A1|chr3:5618807-5620833_REVERSE_LENGTH=451",9e-18,33.48,"GO:0008152|metabolic_process|GO:0008194_GO:0016757_GO:0016758_GO:0080043_GO:0080044_GO:0080045_GO:0080046|UDP-glycosyltransferase_activity;_quercetin_3'-O-glucosyltransferase_activity;_quercetin_3-O-glucosyltransferase_activity;_quercetin_4'-O-glucosyltransferase_activity;_quercetin_7-O-glucosyltransferase_activity;_transferase_activity,_transferring_glycosyl_groups;_transferase_activity,_transferring_hexosyl_groups|GO:0005634_GO:0005829|cytosol;_nucleus|NA|NA|NA|NA|NA|NA"
"22","Glyma.09g211500","Glyma09g34470",9,43537990,43542941,319,"UniRef100_I1L546_Uncharacterized_protein_n=1_Tax=Glycine_max_RepID=I1L546_SOYBN",0,100,"UniRef100_L0P1B3_Similar_to_isoflavone_reductase_homolog_n=1_Tax=Lupinus_angustifolius_RepID=L0P1B3_LUPAN",0,99.68,"AT1G32100.1|Symbols:ATPRR1,_PRR1|pinoresinol_reductase_1|chr1:11546472-11547953_REVERSE_LENGTH=317",1e-167,97.48,"GO:0009807_GO:0010413_GO:0045492|glucuronoxylan_metabolic_process;_lignan_biosynthetic_process;_xylan_biosynthetic_process|GO:0000166_GO:0010283|nucleotide_binding;_pinoresinol_reductase_activity|GO:0005737|cytoplasm|PF05368|NmrA-like_family|PTHR14194|NITROGEN_METABOLIC_REGULATION_PROTEIN_NMR-RELATED|NA|NA"
"23","Glyma.10g176500","Glyma10g32010",10,41007940,41009451,355,"UniRef100_I1LC13_Uncharacterized_protein_n=1_Tax=Glycine_max_RepID=I1LC13_SOYBN",0,100,"UniRef100_G7L6D6_Isoflavone-7-O-methyltransferase_n=1_Tax=Medicago_truncatula_RepID=G7L6D6_MEDTR",3e-177,98.06,"AT4G35160.1|Symbols:|O-methyltransferase_family_protein|chr4:16730989-16732808_REVERSE_LENGTH=382",4e-63,91.36,"NA|NA|GO:0008168_GO:0008171_GO:0046983|O-methyltransferase_activity;_methyltransferase_activity;_protein_dimerization_activity|GO:0005634_GO:0005829|cytosol;_nucleus|PF00891_PF08100|O-methyltransferase;_Dimerisation_domain|PTHR11746|O-METHYLTRANSFERASE|KOG3178|Hydroxyindole-O-methyltransferase_and_related_SAM-dependent_methyltransferases__"
"24","Glyma.10g176600","Glyma10g32020",10,41013027,41014294,356,"UniRef100_I1LC14_Uncharacterized_protein_n=1_Tax=Glycine_max_RepID=I1LC14_SOYBN",0,100,"UniRef100_G7L6D6_Isoflavone-7-O-methyltransferase_n=1_Tax=Medicago_truncatula_RepID=G7L6D6_MEDTR",6e-172,98.34,"AT4G35160.1|Symbols:|O-methyltransferase_family_protein|chr4:16730989-16732808_REVERSE_LENGTH=382",7e-57,91.62,"NA|NA|GO:0008168_GO:0008171_GO:0046983|O-methyltransferase_activity;_methyltransferase_activity;_protein_dimerization_activity|GO:0005634_GO:0005829|cytosol;_nucleus|PF00891_PF08100|O-methyltransferase;_Dimerisation_domain|PTHR11746|O-METHYLTRANSFERASE|KOG3178|Hydroxyindole-O-methyltransferase_and_related_SAM-dependent_methyltransferases__"
"25","Glyma.10g176700","Glyma10g32030",10,41027227,41028670,355,"UniRef100_I1LC15_Uncharacterized_protein_n=1_Tax=Glycine_max_RepID=I1LC15_SOYBN",0,100,"UniRef100_G7L6D6_Isoflavone-7-O-methyltransferase_n=1_Tax=Medicago_truncatula_RepID=G7L6D6_MEDTR",4e-173,98.06,"AT4G35160.1|Symbols:|O-methyltransferase_family_protein|chr4:16730989-16732808_REVERSE_LENGTH=382",2e-58,87.7,"NA|NA|GO:0008168_GO:0008171_GO:0046983|O-methyltransferase_activity;_methyltransferase_activity;_protein_dimerization_activity|GO:0005634_GO:0005829|cytosol;_nucleus|PF08100_PF00891|Dimerisation_domain;_O-methyltransferase|PTHR11746|O-METHYLTRANSFERASE|KOG3178|Hydroxyindole-O-methyltransferase_and_related_SAM-dependent_methyltransferases__"
"26","Glyma.11g051800","Glyma11g05532",11,3891456,3893535,497,"UniRef100_UPI0001CAE608_PREDICTED:_isoflavone_2''''-hydroxylase_n=1_Tax=Glycine_max_RepID=UPI0001CAE608",0,100,"UniRef100_Q9XFX1_Cytochrome_P450_n=1_Tax=Cicer_arietinum_RepID=Q9XFX1_CICAR",0,99.4,"AT4G37340.1|Symbols:CYP81D3|cytochrome_P450,_family_81,_subfamily_D,_polypeptide_3|chr4:17564953-17566706_REVERSE_LENGTH=500",0,99.2,"GO:0055114|oxidation-reduction_process|GO:0005506_GO:0009055_GO:0016705_GO:0019825_GO:0020037|electron_carrier_activity;_heme_binding;_iron_ion_binding;_oxidoreductase_activity,_acting_on_paired_donors,_with_incorporation_or_reduction_of_molecular_oxygen;_oxygen_binding|NA|NA|PF00067|Cytochrome_P450|PTHR24298|FAMILY_NOT_NAMED|KOG0156|Cytochrome_P450_CYP2_subfamily__"
"27","Glyma.11g070200","Glyma11g07490",11,5258153,5262782,377,"UniRef100_K7LNG2_Uncharacterized_protein_n=2_Tax=Glycine_max_RepID=K7LNG2_SOYBN",0,100,"UniRef100_B7FHV0_Isoflavone_reductase-like_protein_n=1_Tax=Medicago_truncatula_RepID=B7FHV0_MEDTR",0,98.71,"AT1G75280.1|Symbols:|NmrA-like_negative_transcriptional_regulator_family_protein|chr1:28252030-28253355_FORWARD_LENGTH=310",2e-147,98.06,"GO:0006979_GO:0046686|response_to_cadmium_ion;_response_to_oxidative_stress|GO:0000166|nucleotide_binding|GO:0005737_GO:0005886|cytoplasm;_plasma_membrane|PF05368|NmrA-like_family|PTHR10366|NAD_DEPENDENT_EPIMERASE/DEHYDRATASE|NA|NA"
"28","Glyma.11g070300","Glyma11g07496",11,5264434,5266437,308,"UniRef100_K7LNG3_Uncharacterized_protein_n=1_Tax=Glycine_max_RepID=K7LNG3_SOYBN",0,100,"UniRef100_Q9SDZ1_Isoflavone_reductase_homolog_1_n=1_Tax=Glycine_max_RepID=Q9SDZ1_SOYBN",0,100,"AT1G75280.1|Symbols:|NmrA-like_negative_transcriptional_regulator_family_protein|chr1:28252030-28253355_FORWARD_LENGTH=310",3e-144,97.74,"GO:0006979_GO:0046686|response_to_cadmium_ion;_response_to_oxidative_stress|GO:0000166|nucleotide_binding|GO:0005737_GO:0005886|cytoplasm;_plasma_membrane|PF05368|NmrA-like_family|PTHR10366|NAD_DEPENDENT_EPIMERASE/DEHYDRATASE|NA|NA"
"29","Glyma.11g070400",NA,11,5267933,5269909,250,"UniRef100_I1J8T1_Uncharacterized_protein_n=1_Tax=Glycine_max_RepID=I1J8T1_SOYBN",3e-146,76.87,"UniRef100_Q9SDZ1_Isoflavone_reductase_homolog_1_n=1_Tax=Glycine_max_RepID=Q9SDZ1_SOYBN",4e-123,78.83,"AT4G39230.1|Symbols:|NmrA-like_negative_transcriptional_regulator_family_protein|chr4:18266024-18267604_REVERSE_LENGTH=308",5e-86,78.57,"GO:0046686|response_to_cadmium_ion|GO:0000166_GO:0032442|nucleotide_binding;_phenylcoumaran_benzylic_ether_reductase_activity|GO:0005737|cytoplasm|PF05368|NmrA-like_family|PTHR10366|NAD_DEPENDENT_EPIMERASE/DEHYDRATASE|NA|NA"
"30","Glyma.11g070500","Glyma11g07510",11,5273807,5275911,319,"UniRef100_I1LHU6_Uncharacterized_protein_n=1_Tax=Glycine_max_RepID=I1LHU6_SOYBN",0,100,"UniRef100_O48601_NADPH:isoflavone_reductase_n=1_Tax=Glycine_max_RepID=O48601_SOYBN",0,100,"AT4G39230.1|Symbols:|NmrA-like_negative_transcriptional_regulator_family_protein|chr4:18266024-18267604_REVERSE_LENGTH=308",4e-115,103.25,"GO:0046686|response_to_cadmium_ion|GO:0000166_GO:0032442|nucleotide_binding;_phenylcoumaran_benzylic_ether_reductase_activity|GO:0005737|cytoplasm|PF05368|NmrA-like_family|PTHR10366|NAD_DEPENDENT_EPIMERASE/DEHYDRATASE|NA|NA"
"31","Glyma.11g070600","Glyma11g07516",11,5278847,5280644,319,"UniRef100_K7LNG5_Uncharacterized_protein_n=1_Tax=Glycine_max_RepID=K7LNG5_SOYBN",0,100,"UniRef100_O48601_NADPH:isoflavone_reductase_n=1_Tax=Glycine_max_RepID=O48601_SOYBN",0,100,NA,NA,NA,"NA|NA|NA|NA|NA|NA|PF05368|NmrA-like_family|PTHR10366|NAD_DEPENDENT_EPIMERASE/DEHYDRATASE|NA|NA"
"32","Glyma.11g116900","Glyma11g12436",11,8892780,8896222,209,"UniRef100_K7LP92_Uncharacterized_protein_n=1_Tax=Glycine_max_RepID=K7LP92_SOYBN",4e-150,100,"UniRef100_G7JHC4_Isoflavone_reductase-like_protein_n=2_Tax=Medicago_truncatula_RepID=G7JHC4_MEDTR",5e-114,63.11,"AT4G34540.1|Symbols:|NmrA-like_negative_transcriptional_regulator_family_protein|chr4:16500506-16501932_FORWARD_LENGTH=306",1e-76,63.4,"NA|NA|GO:0000166_GO:0010283|nucleotide_binding;_pinoresinol_reductase_activity|GO:0005737|cytoplasm|PF05368|NmrA-like_family|PTHR10366|NAD_DEPENDENT_EPIMERASE/DEHYDRATASE|NA|NA"
"33","Glyma.11g129200",NA,11,9820971,9824057,373,"UniRef100_I1LQF7_Uncharacterized_protein_n=1_Tax=Glycine_max_RepID=I1LQF7_SOYBN",0,72.37,"UniRef100_Q08IT7_Isoflavone_conjugate-specific_beta-glucosidase_n=1_Tax=Glycine_max_RepID=Q08IT7_SOYBN",0,72.37,"AT2G44450.1|Symbols:BGLU15|beta_glucosidase_15|chr2:18340966-18343744_FORWARD_LENGTH=506",6e-124,73.52,"GO:0005975_GO:0010359|carbohydrate_metabolic_process;_regulation_of_anion_channel_activity|GO:0003824_GO:0004553_GO:0043169|catalytic_activity;_cation_binding;_hydrolase_activity,_hydrolyzing_O-glycosyl_compounds|GO:0005576_GO:0005618_GO:0005794_GO:0009505_GO:0009506|Golgi_apparatus;_cell_wall;_extracellular_region;_plant-type_cell_wall;_plasmodesma|PF00232|Glycosyl_hydrolase_family_1|PTHR10353|GLYCOSYL_HYDROLASE|KOG0626|Beta-glucosidase,_lactase_phlorizinhydrolase,_and_related_proteins__"
"34","Glyma.12g042700","Glyma12g04660",12,3085800,3089164,273,"UniRef100_K7LSY8_Uncharacterized_protein_n=1_Tax=Glycine_max_RepID=K7LSY8_SOYBN",0,100,"UniRef100_G7JHC4_Isoflavone_reductase-like_protein_n=2_Tax=Medicago_truncatula_RepID=G7JHC4_MEDTR",1e-117,88.03,"AT4G34540.1|Symbols:|NmrA-like_negative_transcriptional_regulator_family_protein|chr4:16500506-16501932_FORWARD_LENGTH=306",2e-76,88.56,"NA|NA|GO:0000166_GO:0010283|nucleotide_binding;_pinoresinol_reductase_activity|GO:0005737|cytoplasm|PF05368|NmrA-like_family|PTHR10366|NAD_DEPENDENT_EPIMERASE/DEHYDRATASE|NA|NA"
"35","Glyma.12g053800","Glyma12g05770",12,3865217,3871740,515,"UniRef100_I1LQF7_Uncharacterized_protein_n=1_Tax=Glycine_max_RepID=I1LQF7_SOYBN",0,100,"UniRef100_Q08IT7_Isoflavone_conjugate-specific_beta-glucosidase_n=1_Tax=Glycine_max_RepID=Q08IT7_SOYBN",0,100,"AT2G44480.1|Symbols:BGLU17|beta_glucosidase_17|chr2:18359780-18363001_FORWARD_LENGTH=517",0,91.88,"GO:0005975|carbohydrate_metabolic_process|GO:0003824_GO:0004553_GO:0043169|catalytic_activity;_cation_binding;_hydrolase_activity,_hydrolyzing_O-glycosyl_compounds|GO:0005576|extracellular_region|PF00232|Glycosyl_hydrolase_family_1|PTHR10353|GLYCOSYL_HYDROLASE|KOG0626|Beta-glucosidase,_lactase_phlorizinhydrolase,_and_related_proteins__"
"36","Glyma.12g237900","Glyma12g36670",12,39715962,39717797,314,"UniRef100_K7LWM7_Uncharacterized_protein_n=1_Tax=Glycine_max_RepID=K7LWM7_SOYBN",0,100,"UniRef100_Q9SDZ2_2'-hydroxy_isoflavone/dihydroflavonol_reductase_homolog_(Fragment)_n=1_Tax=Glycine_max_RepID=Q9SDZ2_SOYBN",2e-97,86.81,"AT2G45400.1|Symbols:BEN1|NAD(P)-binding_Rossmann-fold_superfamily_protein|chr2:18703960-18706235_REVERSE_LENGTH=364",2e-56,79.12,"GO:0009813_GO:0010422_GO:0016126_GO:0016131_GO:0016132_GO:0044237|brassinosteroid_biosynthetic_process;_brassinosteroid_metabolic_process;_cellular_metabolic_process;_flavonoid_biosynthetic_process;_regulation_of_brassinosteroid_biosynthetic_process;_sterol_biosynthetic_process|GO:0000166_GO:0003824_GO:0016614_GO:0050662|catalytic_activity;_coenzyme_binding;_nucleotide_binding;_oxidoreductase_activity,_acting_on_CH-OH_group_of_donors|GO:0005634_GO:0005737|cytoplasm;_nucleus|NA|NA|PTHR10366|NAD_DEPENDENT_EPIMERASE/DEHYDRATASE|KOG1502|Flavonol_reductase/cinnamoyl-CoA_reductase__"
"37","Glyma.12g238100","Glyma12g36680",12,39720595,39722785,328,"UniRef100_I1LVE5_Uncharacterized_protein_n=1_Tax=Glycine_max_RepID=I1LVE5_SOYBN",0,100,"UniRef100_Q9SDZ2_2'-hydroxy_isoflavone/dihydroflavonol_reductase_homolog_(Fragment)_n=1_Tax=Glycine_max_RepID=Q9SDZ2_SOYBN",1e-180,99.39,"AT2G45400.1|Symbols:BEN1|NAD(P)-binding_Rossmann-fold_superfamily_protein|chr2:18703960-18706235_REVERSE_LENGTH=364",3e-98,88.46,"GO:0009813_GO:0010422_GO:0016126_GO:0016131_GO:0016132_GO:0044237|brassinosteroid_biosynthetic_process;_brassinosteroid_metabolic_process;_cellular_metabolic_process;_flavonoid_biosynthetic_process;_regulation_of_brassinosteroid_biosynthetic_process;_sterol_biosynthetic_process|GO:0000166_GO:0003824_GO:0016614_GO:0050662|catalytic_activity;_coenzyme_binding;_nucleotide_binding;_oxidoreductase_activity,_acting_on_CH-OH_group_of_donors|GO:0005634_GO:0005737|cytoplasm;_nucleus|PF01370|NAD_dependent_epimerase/dehydratase_family|PTHR10366|NAD_DEPENDENT_EPIMERASE/DEHYDRATASE|KOG1502|Flavonol_reductase/cinnamoyl-CoA_reductase__"
"38","Glyma.12g238200","Glyma12g36690",12,39724608,39726753,332,"UniRef100_I1LVE6_Uncharacterized_protein_n=2_Tax=Glycine_max_RepID=I1LVE6_SOYBN",0,100,"UniRef100_Q9SDZ2_2'-hydroxy_isoflavone/dihydroflavonol_reductase_homolog_(Fragment)_n=1_Tax=Glycine_max_RepID=Q9SDZ2_SOYBN",0,98.77,"AT2G45400.1|Symbols:BEN1|NAD(P)-binding_Rossmann-fold_superfamily_protein|chr2:18703960-18706235_REVERSE_LENGTH=364",2e-104,88.19,"GO:0009813_GO:0010422_GO:0016126_GO:0016131_GO:0016132_GO:0044237|brassinosteroid_biosynthetic_process;_brassinosteroid_metabolic_process;_cellular_metabolic_process;_flavonoid_biosynthetic_process;_regulation_of_brassinosteroid_biosynthetic_process;_sterol_biosynthetic_process|GO:0000166_GO:0003824_GO:0016614_GO:0050662|catalytic_activity;_coenzyme_binding;_nucleotide_binding;_oxidoreductase_activity,_acting_on_CH-OH_group_of_donors|GO:0005634_GO:0005737|cytoplasm;_nucleus|PF01370|NAD_dependent_epimerase/dehydratase_family|PTHR10366|NAD_DEPENDENT_EPIMERASE/DEHYDRATASE|KOG1502|Flavonol_reductase/cinnamoyl-CoA_reductase__"
"39","Glyma.13g054000","Glyma13g06550",13,15126544,15128286,470,"UniRef100_I1LWU6_Uncharacterized_protein_n=1_Tax=Glycine_max_RepID=I1LWU6_SOYBN",0,100,"UniRef100_A7BID0_Malonyl-CoA:isoflavone_7-O-glucoside-6''-O-malonyltransferase_n=1_Tax=Glycine_max_RepID=A7BID0_SOYBN",1e-179,100,"AT3G29635.1|Symbols:|HXXXD-type_acyl-transferase_family_protein|chr3:11465851-11467227_REVERSE_LENGTH=458",3e-104,99.78,"NA|NA|GO:0016740_GO:0016747|transferase_activity;_transferase_activity,_transferring_acyl_groups_other_than_amino-acyl_groups|NA|NA|PF02458|Transferase_family|NA|NA|NA|NA"
"40","Glyma.13g056100","Glyma13g06230",13,15382701,15385317,468,"UniRef100_A7BIC9_Malonyl-CoA:isoflavone_7-O-glucoside-6''-O-malonyltransferase_n=1_Tax=Glycine_max_RepID=A7BIC9_SOYBN",0,100,"UniRef100_A7BIC9_Malonyl-CoA:isoflavone_7-O-glucoside-6''-O-malonyltransferase_n=1_Tax=Glycine_max_RepID=A7BIC9_SOYBN",0,100,"AT5G39090.1|Symbols:|HXXXD-type_acyl-transferase_family_protein|chr5:15643612-15644958_FORWARD_LENGTH=448",2e-94,102.46,"GO:0015824|proline_transport|GO:0016740_GO:0016747|transferase_activity;_transferase_activity,_transferring_acyl_groups_other_than_amino-acyl_groups|GO:0009507|chloroplast|PF02458|Transferase_family|NA|NA|NA|NA"
"41","Glyma.13g173300",NA,13,28730694,28732440,366,"UniRef100_UPI000189DA0A_PREDICTED:_isoflavone_4''''-O-methyltransferase_n=1_Tax=Glycine_max_RepID=UPI000189DA0A",0,100,"UniRef100_Q84KK4_Isoflavone_4'-O-methyltransferase_n=2_Tax=Lotus_japonicus_RepID=I4OMT_LOTJA",0,98.63,"AT4G35150.1|Symbols:|O-methyltransferase_family_protein|chr4:16726948-16728531_REVERSE_LENGTH=325",2e-52,107.38,"NA|NA|GO:0008168_GO:0008171_GO:0046983|O-methyltransferase_activity;_methyltransferase_activity;_protein_dimerization_activity|GO:0005829|cytosol|PF00891_PF08100|O-methyltransferase;_Dimerisation_domain|PTHR11746|O-METHYLTRANSFERASE|KOG3178|Hydroxyindole-O-methyltransferase_and_related_SAM-dependent_methyltransferases__"
"42","Glyma.13g173600","Glyma13g24210",13,28770535,28772001,366,"UniRef100_UPI000189DA0A_PREDICTED:_isoflavone_4''''-O-methyltransferase_n=1_Tax=Glycine_max_RepID=UPI000189DA0A",0,100,"UniRef100_Q84KK4_Isoflavone_4'-O-methyltransferase_n=2_Tax=Lotus_japonicus_RepID=I4OMT_LOTJA",0,98.63,"AT4G35150.1|Symbols:|O-methyltransferase_family_protein|chr4:16726948-16728531_REVERSE_LENGTH=325",2e-52,107.38,"NA|NA|GO:0008168_GO:0008171_GO:0046983|O-methyltransferase_activity;_methyltransferase_activity;_protein_dimerization_activity|GO:0005829|cytosol|PF08100_PF00891|Dimerisation_domain;_O-methyltransferase|PTHR11746|O-METHYLTRANSFERASE|KOG3178|Hydroxyindole-O-methyltransferase_and_related_SAM-dependent_methyltransferases__"
"43","Glyma.13g173800","Glyma13g24225",13,28778148,28780026,118,"UniRef100_K7M0A6_Uncharacterized_protein_n=1_Tax=Glycine_max_RepID=K7M0A6_SOYBN",5e-79,100,"UniRef100_Q29U70_Isoflavone_4'-O-methyltransferase_n=1_Tax=Medicago_truncatula_RepID=I4OMT_MEDTR",1e-39,26.65,"AT1G76790.1|Symbols:|O-methyltransferase_family_protein|chr1:28822355-28823630_REVERSE_LENGTH=367",6e-15,27.25,"NA|NA|GO:0008168_GO:0008171_GO:0046983|O-methyltransferase_activity;_methyltransferase_activity;_protein_dimerization_activity|GO:0005829|cytosol|PF00891|O-methyltransferase|PTHR11746|O-METHYLTRANSFERASE|NA|NA"
"44","Glyma.13g203900","Glyma13g27390",13,31793697,31796601,326,"UniRef100_I1M0Z0_Uncharacterized_protein_n=1_Tax=Glycine_max_RepID=I1M0Z0_SOYBN",0,100,"UniRef100_Q9SDZ2_2'-hydroxy_isoflavone/dihydroflavonol_reductase_homolog_(Fragment)_n=1_Tax=Glycine_max_RepID=Q9SDZ2_SOYBN",0,98.77,"AT2G45400.1|Symbols:BEN1|NAD(P)-binding_Rossmann-fold_superfamily_protein|chr2:18703960-18706235_REVERSE_LENGTH=364",4e-105,87.91,"GO:0009813_GO:0010422_GO:0016126_GO:0016131_GO:0016132_GO:0044237|brassinosteroid_biosynthetic_process;_brassinosteroid_metabolic_process;_cellular_metabolic_process;_flavonoid_biosynthetic_process;_regulation_of_brassinosteroid_biosynthetic_process;_sterol_biosynthetic_process|GO:0000166_GO:0003824_GO:0016614_GO:0050662|catalytic_activity;_coenzyme_binding;_nucleotide_binding;_oxidoreductase_activity,_acting_on_CH-OH_group_of_donors|GO:0005634_GO:0005737|cytoplasm;_nucleus|PF01370|NAD_dependent_epimerase/dehydratase_family|PTHR10366|NAD_DEPENDENT_EPIMERASE/DEHYDRATASE|KOG1502|Flavonol_reductase/cinnamoyl-CoA_reductase__"
"45","Glyma.13g343100",NA,13,43451486,43452340,87,"UniRef100_V7AFB9_Uncharacterized_protein_n=1_Tax=Phaseolus_vulgaris_RepID=V7AFB9_PHAVU",1e-16,15.18,"UniRef100_Q08IT7_Isoflavone_conjugate-specific_beta-glucosidase_n=1_Tax=Glycine_max_RepID=Q08IT7_SOYBN",1e-15,9.73,"AT5G54570.1|Symbols:BGLU41|beta_glucosidase_41|chr5:22167636-22170235_REVERSE_LENGTH=535",1e-14,9.53,"GO:0005975|carbohydrate_metabolic_process|GO:0003824_GO:0004553_GO:0043169|catalytic_activity;_cation_binding;_hydrolase_activity,_hydrolyzing_O-glycosyl_compounds|GO:0005576_GO:0009505|extracellular_region;_plant-type_cell_wall|PF00232|Glycosyl_hydrolase_family_1|PTHR10353|GLYCOSYL_HYDROLASE|NA|NA"
"46","Glyma.14g073600",NA,14,6174649,6175305,152,"UniRef100_I1M8B2_Uncharacterized_protein_n=1_Tax=Glycine_max_RepID=I1M8B2_SOYBN",2e-105,24.51,"UniRef100_B9GRM6_Isoflavone_reductase_family_protein_n=1_Tax=Populus_trichocarpa_RepID=B9GRM6_POPTR",8e-36,27.17,"AT1G75260.1|Symbols:|oxidoreductases,_acting_on_NADH_or_NADPH|chr1:28247854-28249395_FORWARD_LENGTH=513",2e-20,28.65,"NA|NA|GO:0016651|oxidoreductase_activity,_acting_on_NAD(P)H|GO:0009507|chloroplast|NA|NA|NA|NA|NA|NA"
"47","Glyma.15g220700",NA,15,39762795,39764340,110,"UniRef100_UPI000189DA0A_PREDICTED:_isoflavone_4''''-O-methyltransferase_n=1_Tax=Glycine_max_RepID=UPI000189DA0A",6e-35,23.29,"UniRef100_Q84KK4_Isoflavone_4'-O-methyltransferase_n=2_Tax=Lotus_japonicus_RepID=I4OMT_LOTJA",4e-31,23.29,"AT1G51990.1|Symbols:|O-methyltransferase_family_protein|chr1:19330949-19332667_FORWARD_LENGTH=363",4e-10,18.73,"GO:0009809|lignin_biosynthetic_process|GO:0008168_GO:0008171_GO:0046983|O-methyltransferase_activity;_methyltransferase_activity;_protein_dimerization_activity|GO:0005829_GO:0009507|chloroplast;_cytosol|PF00891|O-methyltransferase|NA|NA|NA|NA"
"48","Glyma.16g149200","Glyma16g26511",16,30985327,30986037,102,"UniRef100_K7MHF9_Uncharacterized_protein_n=1_Tax=Glycine_max_RepID=K7MHF9_SOYBN",2e-66,100,"UniRef100_G7JRC7_Isoflavone_2'-hydroxylase_n=1_Tax=Medicago_truncatula_RepID=G7JRC7_MEDTR",1e-17,75.49,"AT4G37310.1|Symbols:CYP81H1|cytochrome_P450,_family_81,_subfamily_H,_polypeptide_1|chr4:17556152-17558833_REVERSE_LENGTH=518",2e-18,10.04,"GO:0055114|oxidation-reduction_process|GO:0005506_GO:0009055_GO:0016705_GO:0019825_GO:0020037|electron_carrier_activity;_heme_binding;_iron_ion_binding;_oxidoreductase_activity,_acting_on_paired_donors,_with_incorporation_or_reduction_of_molecular_oxygen;_oxygen_binding|GO:0005576|extracellular_region|NA|NA|NA|NA|NA|NA"
"49","Glyma.16g149300","Glyma16g26520",16,30993255,30996642,499,"UniRef100_UPI0003DECF84_PREDICTED:_isoflavone_2''''-hydroxylase_n=1_Tax=Glycine_max_RepID=UPI0003DECF84",0,95.95,"UniRef100_G7K579_Isoflavone_2'-hydroxylase_n=1_Tax=Medicago_truncatula_RepID=G7K579_MEDTR",0,99.4,"AT4G37370.1|Symbols:CYP81D8|cytochrome_P450,_family_81,_subfamily_D,_polypeptide_8|chr4:17569971-17571678_REVERSE_LENGTH=497",0,98.79,"GO:0009723_GO:0010286_GO:0055114_GO:0080167|heat_acclimation;_oxidation-reduction_process;_response_to_ethylene_stimulus;_response_to_karrikin|GO:0005506_GO:0009055_GO:0016705_GO:0019825_GO:0020037|electron_carrier_activity;_heme_binding;_iron_ion_binding;_oxidoreductase_activity,_acting_on_paired_donors,_with_incorporation_or_reduction_of_molecular_oxygen;_oxygen_binding|GO:0005576_GO:0005783_GO:0005886|endoplasmic_reticulum;_extracellular_region;_plasma_membrane|PF00067|Cytochrome_P450|PTHR24298|FAMILY_NOT_NAMED|KOG0156|Cytochrome_P450_CYP2_subfamily__"
"50","Glyma.16g149400",NA,16,31002000,31004110,103,"UniRef100_K7MHG0_Uncharacterized_protein_n=1_Tax=Glycine_max_RepID=K7MHG0_SOYBN",2e-61,37.4,"UniRef100_G7K579_Isoflavone_2'-hydroxylase_n=1_Tax=Medicago_truncatula_RepID=G7K579_MEDTR",2e-27,81.55,"AT1G66540.2|Symbols:|Cytochrome_P450_superfamily_protein|chr1:24825446-24826502_FORWARD_LENGTH=327",2e-26,27.52,"GO:0055114|oxidation-reduction_process|GO:0005506_GO:0009055_GO:0016705_GO:0019825_GO:0020037|electron_carrier_activity;_heme_binding;_iron_ion_binding;_oxidoreductase_activity,_acting_on_paired_donors,_with_incorporation_or_reduction_of_molecular_oxygen;_oxygen_binding|NA|NA|PF00067|Cytochrome_P450|NA|NA|NA|NA"
"51","Glyma.16g175500","Glyma16g29380",16,33700402,33702163,475,"UniRef100_I1MPF1_Uncharacterized_protein_n=1_Tax=Glycine_max_RepID=I1MPF1_SOYBN",0,100,"UniRef100_A6BM07_Isoflavone_7-O-glucosyltransferase_1_n=1_Tax=Glycine_max_RepID=I7GT1_SOYBN",0,98.53,"AT3G16520.3|Symbols:UGT88A1|UDP-glucosyl_transferase_88A1|chr3:5619355-5620833_REVERSE_LENGTH=462",6e-122,99.78,"GO:0008152|metabolic_process|GO:0008194_GO:0016757_GO:0016758_GO:0080043_GO:0080044_GO:0080045_GO:0080046|UDP-glycosyltransferase_activity;_quercetin_3'-O-glucosyltransferase_activity;_quercetin_3-O-glucosyltransferase_activity;_quercetin_4'-O-glucosyltransferase_activity;_quercetin_7-O-glucosyltransferase_activity;_transferase_activity,_transferring_glycosyl_groups;_transferase_activity,_transferring_hexosyl_groups|GO:0005634_GO:0005829|cytosol;_nucleus|PF00201|UDP-glucoronosyl_and_UDP-glucosyl_transferase|PTHR11926|GLUCOSYL/GLUCURONOSYL_TRANSFERASES|KOG1192|UDP-glucuronosyl_and_UDP-glucosyl_transferase__"
"52","Glyma.16g175600","Glyma16g29400",16,33709232,33710656,475,"UniRef100_A6BM07_Isoflavone_7-O-glucosyltransferase_1_n=1_Tax=Glycine_max_RepID=I7GT1_SOYBN",0,100,"UniRef100_A6BM07_Isoflavone_7-O-glucosyltransferase_1_n=1_Tax=Glycine_max_RepID=I7GT1_SOYBN",0,99.79,"AT3G16520.3|Symbols:UGT88A1|UDP-glucosyl_transferase_88A1|chr3:5619355-5620833_REVERSE_LENGTH=462",5e-123,101.73,"GO:0008152|metabolic_process|GO:0008194_GO:0016757_GO:0016758_GO:0080043_GO:0080044_GO:0080045_GO:0080046|UDP-glycosyltransferase_activity;_quercetin_3'-O-glucosyltransferase_activity;_quercetin_3-O-glucosyltransferase_activity;_quercetin_4'-O-glucosyltransferase_activity;_quercetin_7-O-glucosyltransferase_activity;_transferase_activity,_transferring_glycosyl_groups;_transferase_activity,_transferring_hexosyl_groups|GO:0005634_GO:0005829|cytosol;_nucleus|PF00201|UDP-glucoronosyl_and_UDP-glucosyl_transferase|PTHR11926|GLUCOSYL/GLUCURONOSYL_TRANSFERASES|KOG1192|UDP-glucuronosyl_and_UDP-glucosyl_transferase__"
"53","Glyma.16g175900","Glyma16g29420",16,33725875,33727942,474,"UniRef100_I1MPF3_Uncharacterized_protein_n=1_Tax=Glycine_max_RepID=I1MPF3_SOYBN",0,100,"UniRef100_A6BM07_Isoflavone_7-O-glucosyltransferase_1_n=1_Tax=Glycine_max_RepID=I7GT1_SOYBN",0,99.79,"AT3G16520.3|Symbols:UGT88A1|UDP-glucosyl_transferase_88A1|chr3:5619355-5620833_REVERSE_LENGTH=462",3e-123,101.52,"GO:0008152|metabolic_process|GO:0008194_GO:0016757_GO:0016758_GO:0080043_GO:0080044_GO:0080045_GO:0080046|UDP-glycosyltransferase_activity;_quercetin_3'-O-glucosyltransferase_activity;_quercetin_3-O-glucosyltransferase_activity;_quercetin_4'-O-glucosyltransferase_activity;_quercetin_7-O-glucosyltransferase_activity;_transferase_activity,_transferring_glycosyl_groups;_transferase_activity,_transferring_hexosyl_groups|GO:0005634_GO:0005829|cytosol;_nucleus|PF00201|UDP-glucoronosyl_and_UDP-glucosyl_transferase|PTHR11926|GLUCOSYL/GLUCURONOSYL_TRANSFERASES|KOG1192|UDP-glucuronosyl_and_UDP-glucosyl_transferase__"
"54","Glyma.17g251400","Glyma17g36980",17,40613144,40614979,612,"UniRef100_K7MNW2_Uncharacterized_protein_n=1_Tax=Glycine_max_RepID=K7MNW2_SOYBN",0,100,"UniRef100_B9GRM6_Isoflavone_reductase_family_protein_n=1_Tax=Populus_trichocarpa_RepID=B9GRM6_POPTR",8e-50,36.96,"AT1G75260.1|Symbols:|oxidoreductases,_acting_on_NADH_or_NADPH|chr1:28247854-28249395_FORWARD_LENGTH=513",3e-26,37.62,"NA|NA|GO:0016651|oxidoreductase_activity,_acting_on_NAD(P)H|GO:0009507|chloroplast|NA|NA|NA|NA|NA|NA"
"55","Glyma.18g267500","Glyma18g50260",18,55179516,55181798,360,"UniRef100_I1N4K6_Uncharacterized_protein_n=1_Tax=Glycine_max_RepID=I1N4K6_SOYBN",0,100,"UniRef100_Q84KK5_Isoflavone_7-O-methyltransferase_n=1_Tax=Glycyrrhiza_echinata_RepID=D7OMT_GLYEC",0,99.72,"AT4G35150.1|Symbols:|O-methyltransferase_family_protein|chr4:16726948-16728531_REVERSE_LENGTH=325",2e-54,106.15,"NA|NA|GO:0008168_GO:0008171_GO:0046983|O-methyltransferase_activity;_methyltransferase_activity;_protein_dimerization_activity|GO:0005829|cytosol|PF00891_PF08100|O-methyltransferase;_Dimerisation_domain|PTHR11746|O-METHYLTRANSFERASE|KOG3178|Hydroxyindole-O-methyltransferase_and_related_SAM-dependent_methyltransferases__"
"56","Glyma.18g267900","Glyma18g50290",18,55199483,55200950,354,"UniRef100_C6TDI4_Uncharacterized_protein_n=1_Tax=Glycine_max_RepID=C6TDI4_SOYBN",0,100,"UniRef100_Q84KK5_Isoflavone_7-O-methyltransferase_n=1_Tax=Glycyrrhiza_echinata_RepID=D7OMT_GLYEC",0,99.72,"AT4G35150.1|Symbols:|O-methyltransferase_family_protein|chr4:16726948-16728531_REVERSE_LENGTH=325",5e-59,102.46,"NA|NA|GO:0008168_GO:0008171_GO:0046983|O-methyltransferase_activity;_methyltransferase_activity;_protein_dimerization_activity|GO:0005829|cytosol|PF08100_PF00891|Dimerisation_domain;_O-methyltransferase|PTHR11746|O-METHYLTRANSFERASE|KOG3178|Hydroxyindole-O-methyltransferase_and_related_SAM-dependent_methyltransferases__"
"57","Glyma.18g268400","Glyma18g50340",18,55227777,55229508,451,"UniRef100_I1N4L4_Uncharacterized_protein_n=1_Tax=Glycine_max_RepID=I1N4L4_SOYBN",0,100,"UniRef100_G7L664_Malonyl-CoA_isoflavone_7-O-glucoside-6'-O-malonyltransferase_n=1_Tax=Medicago_truncatula_RepID=G7L664_MEDTR",0,99.78,"AT5G39090.1|Symbols:|HXXXD-type_acyl-transferase_family_protein|chr5:15643612-15644958_FORWARD_LENGTH=448",2e-92,94.64,"GO:0015824|proline_transport|GO:0016740_GO:0016747|transferase_activity;_transferase_activity,_transferring_acyl_groups_other_than_amino-acyl_groups|GO:0009507|chloroplast|PF02458|Transferase_family|NA|NA|NA|NA"
"58","Glyma.18g268500","Glyma18g50350",18,55235304,55237037,451,"UniRef100_I1N4L5_Uncharacterized_protein_n=1_Tax=Glycine_max_RepID=I1N4L5_SOYBN",0,100,"UniRef100_G7L664_Malonyl-CoA_isoflavone_7-O-glucoside-6'-O-malonyltransferase_n=1_Tax=Medicago_truncatula_RepID=G7L664_MEDTR",0,99.78,"AT5G39090.1|Symbols:|HXXXD-type_acyl-transferase_family_protein|chr5:15643612-15644958_FORWARD_LENGTH=448",3e-100,95.09,"GO:0015824|proline_transport|GO:0016740_GO:0016747|transferase_activity;_transferase_activity,_transferring_acyl_groups_other_than_amino-acyl_groups|GO:0009507|chloroplast|PF02458|Transferase_family|NA|NA|NA|NA"
"59","Glyma.18g268600","Glyma18g50360",18,55238799,55240948,405,"UniRef100_UPI0003DE8DFC_PREDICTED:_LOW_QUALITY_PROTEIN:_phenolic_glucoside_malonyltransferase_2-like_n=1_Tax=Glycine_max_RepID=UPI0003DE8DFC",0,88.89,"UniRef100_G7L657_Malonyl-CoA_isoflavone_7-O-glucoside-6'-O-malonyltransferase_n=1_Tax=Medicago_truncatula_RepID=G7L657_MEDTR",0,98.77,"AT3G29670.1|Symbols:|HXXXD-type_acyl-transferase_family_protein|chr3:11527952-11529307_FORWARD_LENGTH=451",2e-81,88.03,"NA|NA|GO:0016740_GO:0016747_GO:0050736|O-malonyltransferase_activity;_transferase_activity;_transferase_activity,_transferring_acyl_groups_other_than_amino-acyl_groups|GO:0005737|cytoplasm|PF02458|Transferase_family|NA|NA|NA|NA"
"60","Glyma.18g269600","Glyma18g50470",18,55329219,55333846,383,"UniRef100_K7MUZ8_Uncharacterized_protein_n=1_Tax=Glycine_max_RepID=K7MUZ8_SOYBN",0,100,"UniRef100_Q84KK5_Isoflavone_7-O-methyltransferase_n=1_Tax=Glycyrrhiza_echinata_RepID=D7OMT_GLYEC",0,90.34,"AT4G35150.1|Symbols:|O-methyltransferase_family_protein|chr4:16726948-16728531_REVERSE_LENGTH=325",5e-53,99.38,"NA|NA|GO:0008168_GO:0008171_GO:0046983|O-methyltransferase_activity;_methyltransferase_activity;_protein_dimerization_activity|GO:0005829|cytosol|PF00891_PF08100|O-methyltransferase;_Dimerisation_domain|PTHR11746|O-METHYLTRANSFERASE|KOG3178|Hydroxyindole-O-methyltransferase_and_related_SAM-dependent_methyltransferases__"
"61","Glyma.19g030500","Glyma19g03730",19,3779017,3781453,464,"UniRef100_A7BID0_Malonyl-CoA:isoflavone_7-O-glucoside-6''-O-malonyltransferase_n=1_Tax=Glycine_max_RepID=A7BID0_SOYBN",0,100,"UniRef100_A7BID0_Malonyl-CoA:isoflavone_7-O-glucoside-6''-O-malonyltransferase_n=1_Tax=Glycine_max_RepID=A7BID0_SOYBN",0,100,"AT5G39090.1|Symbols:|HXXXD-type_acyl-transferase_family_protein|chr5:15643612-15644958_FORWARD_LENGTH=448",2e-91,102.01,"GO:0015824|proline_transport|GO:0016740_GO:0016747|transferase_activity;_transferase_activity,_transferring_acyl_groups_other_than_amino-acyl_groups|GO:0009507|chloroplast|PF02458|Transferase_family|NA|NA|NA|NA"
"62","Glyma.19g030800","Glyma19g03770",19,3799941,3801335,465,"UniRef100_I1N6C4_Uncharacterized_protein_n=2_Tax=Glycine_max_RepID=I1N6C4_SOYBN",0,100,"UniRef100_A7BID0_Malonyl-CoA:isoflavone_7-O-glucoside-6''-O-malonyltransferase_n=1_Tax=Glycine_max_RepID=A7BID0_SOYBN",3e-177,100.22,"AT5G39050.1|Symbols:|HXXXD-type_acyl-transferase_family_protein|chr5:15634596-15636005_FORWARD_LENGTH=469",1e-92,98.29,"NA|NA|GO:0016740_GO:0016747_GO:0050736|O-malonyltransferase_activity;_transferase_activity;_transferase_activity,_transferring_acyl_groups_other_than_amino-acyl_groups|GO:0005737_GO:0005829|cytoplasm;_cytosol|PF02458|Transferase_family|NA|NA|NA|NA"
"63","Glyma.19g258400","Glyma19g44770",19,50213583,50215241,318,"UniRef100_I1NCP4_Uncharacterized_protein_n=1_Tax=Glycine_max_RepID=I1NCP4_SOYBN",0,100,"UniRef100_B9GRM6_Isoflavone_reductase_family_protein_n=1_Tax=Populus_trichocarpa_RepID=B9GRM6_POPTR",3e-09,18.12,"AT2G46630.1|Symbols:|unknown_protein;_LOCATED_IN:_chloroplast;_EXPRESSED_IN:_22_plant_structures;_EXPRESSED_DURING:_13_growth_stages;_Has_110095_Blast_hits_to_59224_proteins_in_2216_species:_Archae_-_177;_Bacteria_-_15429;_Metazoa_-_38345;_Fungi_-_18843;_Plants_-_13341;_Viruses_-_3084;_Other_Eukaryotes_-_20876_(source:_NCBI_BLink).|chr2:19145529-19146713_FORWARD_LENGTH=394",2e-22,31.98,"NA|NA|NA|NA|GO:0005634|nucleus|NA|NA|NA|NA|NA|NA"
"64","Glyma.20g027800",NA,20,3179354,3182852,210,"UniRef100_K7N108_Uncharacterized_protein_(Fragment)_n=2_Tax=Glycine_max_RepID=K7N108_SOYBN",4e-76,99.13,"UniRef100_Q9LKI6_Isoflavone_reductase_n=1_Tax=Medicago_truncatula_RepID=Q9LKI6_MEDTR",2e-66,48.11,"AT4G39230.1|Symbols:|NmrA-like_negative_transcriptional_regulator_family_protein|chr4:18266024-18267604_REVERSE_LENGTH=308",2e-42,42.21,"GO:0046686|response_to_cadmium_ion|GO:0000166_GO:0032442|nucleotide_binding;_phenylcoumaran_benzylic_ether_reductase_activity|GO:0005737|cytoplasm|PF05368|NmrA-like_family|PTHR10366|NAD_DEPENDENT_EPIMERASE/DEHYDRATASE|NA|NA"
"65","Glyma.20g213500","Glyma20g35610",20,44992627,44997626,355,"UniRef100_I1NID4_Uncharacterized_protein_n=1_Tax=Glycine_max_RepID=I1NID4_SOYBN",0,100,"UniRef100_G7L6D6_Isoflavone-7-O-methyltransferase_n=1_Tax=Medicago_truncatula_RepID=G7L6D6_MEDTR",2e-171,97.78,"AT4G35160.1|Symbols:|O-methyltransferase_family_protein|chr4:16730989-16732808_REVERSE_LENGTH=382",2e-55,86.13,"NA|NA|GO:0008168_GO:0008171_GO:0046983|O-methyltransferase_activity;_methyltransferase_activity;_protein_dimerization_activity|GO:0005634_GO:0005829|cytosol;_nucleus|PF00891_PF08100|O-methyltransferase;_Dimerisation_domain|PTHR11746|O-METHYLTRANSFERASE|KOG3178|Hydroxyindole-O-methyltransferase_and_related_SAM-dependent_methyltransferases__"
"66","Glyma.20g213600","Glyma20g35620",20,44996542,44998231,355,"UniRef100_I1NID5_Uncharacterized_protein_n=1_Tax=Glycine_max_RepID=I1NID5_SOYBN",0,100,"UniRef100_G7L6D6_Isoflavone-7-O-methyltransferase_n=1_Tax=Medicago_truncatula_RepID=G7L6D6_MEDTR",1e-172,98.06,"AT4G35150.1|Symbols:|O-methyltransferase_family_protein|chr4:16726948-16728531_REVERSE_LENGTH=325",4e-58,103.08,"NA|NA|GO:0008168_GO:0008171_GO:0046983|O-methyltransferase_activity;_methyltransferase_activity;_protein_dimerization_activity|GO:0005829|cytosol|PF00891_PF08100|O-methyltransferase;_Dimerisation_domain|PTHR11746|O-METHYLTRANSFERASE|KOG3178|Hydroxyindole-O-methyltransferase_and_related_SAM-dependent_methyltransferases__"
"67","Glyma.20g213700","Glyma20g35630",20,45007355,45008870,355,"UniRef100_I1NID6_Uncharacterized_protein_n=1_Tax=Glycine_max_RepID=I1NID6_SOYBN",0,100,"UniRef100_G7L6D6_Isoflavone-7-O-methyltransferase_n=1_Tax=Medicago_truncatula_RepID=G7L6D6_MEDTR",5e-178,98.06,"AT4G35160.1|Symbols:|O-methyltransferase_family_protein|chr4:16730989-16732808_REVERSE_LENGTH=382",5e-62,91.36,"NA|NA|GO:0008168_GO:0008171_GO:0046983|O-methyltransferase_activity;_methyltransferase_activity;_protein_dimerization_activity|GO:0005634_GO:0005829|cytosol;_nucleus|PF00891_PF08100|O-methyltransferase;_Dimerisation_domain|PTHR11746|O-METHYLTRANSFERASE|KOG3178|Hydroxyindole-O-methyltransferase_and_related_SAM-dependent_methyltransferases__"
"68","Glyma.20g213800","Glyma20g35640",20,45009121,45010053,275,"UniRef100_I1NID7_Uncharacterized_protein_(Fragment)_n=1_Tax=Glycine_max_RepID=I1NID7_SOYBN",0,100,"UniRef100_G7L6D6_Isoflavone-7-O-methyltransferase_n=1_Tax=Medicago_truncatula_RepID=G7L6D6_MEDTR",1e-113,75.9,NA,NA,NA,"NA|NA|NA|NA|NA|NA|PF00891_PF08100|O-methyltransferase;_Dimerisation_domain|PTHR11746|O-METHYLTRANSFERASE|KOG3178|Hydroxyindole-O-methyltransferase_and_related_SAM-dependent_methyltransferases__"
